{
	"info": {
		"version": "1.0.0",
		"implements_api_version": "1.0, 2.0",
		"author": "Amtex Systems Inc",
		"copyright": "Information Builders Inc.",
		"license": " ",
		"url": "https://github.com/JK12400/WF-Extentions/tree/master/com.ibi.bluewidget",
		"icons": {
			"medium": "icons/bluewidget_icon2.png"
		}
	},

	"properties": {
	
		"bluewidgetProperties": {   
			"ibiAppsPath": "/ibi_apps/",	
			"calculateComparationFunction": {
				"param1": "valueKpi", 
				"param2": "compareValue", 
				"body": "if(valueKpi == 0 && compareValue == 0) { return 0; } var result = (valueKpi - compareValue) / Math.abs(compareValue);  return result;"
			},	
			"formatComparation": "#,###.0%",
			"pctValSign": false,
			"customCompareIcon": {
				"active": true,	
				"iconUp": "approot/baseapp/uparrow.png",
				"iconDown": "approot/baseapp/downarrow.png",
			},
			"shortenNumber": true,
			"typeShortenNumber": null,
			"setInfiniteToZero": false,
			"titleRow": false,
			"calculateFontSize": false, 
			"fixedFontSizeProp": "18px",
			"fixedPixelLinesMargin": 20,
			"imagePercentageWidth": 20,
			"noImageTextCenter": false,
			"titleFont": {
				"size": "18px",
				"color": "white",
				"family": "Roboto,Tahoma, Arial, Sans-serif",
				"fontWeight": "bold"
			},
			"measureFont": {
				"size": "28px",
				"color": "white",
				"family": "Roboto,Tahoma, Arial, Sans-serif",
				"fontWeight": "bold"
			},
			"variationFont": {
				"size": "14px",
				"family": "Roboto,Tahoma, Arial, Sans-serif",
				"fontWeight": "normal"
			},
			"bodyBackgroundColor": "#12225E"
		},
		"colorScale": {
			"colorMode":"discrete",
			"colorBands": [
				{"start": -1000000000000, "stop": 0, "color":"red"},
				{"start": 0, "stop": 1000000000000, "color":"green"}
			]
		}
		
	},
	 
	"propertyAnnotations": {
	
		"bluewidgetProperties": "json",		
		"colorScale": "json"
		
	},
	
	"dataBuckets":  {
		"tooltip": true,
		"matrix": false,
		"data_page": false,
		"series_break": false,
		"buckets": [
			{
				"id": "value",
				"type": "measure",
				"count": {
					"min": 1,
					"max": 2
				}
			},
			{
				"id": "comparevalue",
				"type": "measure",
				"count": {
					"min": 0,
					"max": 1
				}
			},
			{
				"id": "image",
				"type": "dimension",
				"count": {
					"min": 0,
					"max": 1
				}
			},
			{
				"id": "Compareicon",
				"type": "dimension",
				"count": {
					"min": 0,
					"max": 1
				}
			},
			{
				"id": "FooterTxt",
				"type": "dimension",
				"count": {
					"min": 0,
					"max": 1
				}
			},
			{
				"id": "kpisign",
				"type": "measure",
				"count": {
					"min": 0,
					"max": 1
				}
			}
		]
	},
	
	"translations": {
		"en": {
			"name": "Blue Widget",
			"description": "KPI Box",
			"icon_tooltip": "KPI Box", 
			"value_name": "Value Bucket (1, required | 1, Optional)", 
			"value_tooltip": "Drop a measusre here",
			"comparevalue_name": "Compare Value Bucket (1, non required)", 
			"comparevalue_tooltip": "Drop a measusre here",
			"kpisign_name": "Sign Comparision Bucket (1, non required)", 
			"kpisign_tooltip": "Drop a measusre here",
			"image_name": "Image Bucket (1, non required)", 
			"image_tooltip": "Drop a field with path to image",
			"Compareicon_name": "Icon Bucket (1, non required)", 
			"Compareicon_tooltip": "Drop a field with path to image",
			"FooterTxt_name": "Footer Text (1, non required)", 
			"FooterTxt_tooltip": "Drop a field with Footer Text"
		}
	}
}
